1109614288772,Jim Morrison
1646221376534,Gordon Gano
1330794368105,Lou Reed
1309251241995,Ian Curtis
1828157546299,Jimmy Hendrix
1519771462454,Steven Morrissey
1226371114946,Janis Joplin
1033142809103,Raymond Manzarek
1479724392639,Brian Ritchie
1504674712944,John Densmore
1691903589954,Johnny Marr
1892898195455,Mami Cloune
1327305228671,James Bond
1623402019154,Jordan Henderson
1709040676370,Adam Lallana
1543113319831,James Milner
1084782250341,Vigil van Dijk
1282015239175,Jurgen Klopp
1497235750770,Bobby Firmino
1703708892240,Sadio Mane
1458890792706,Mohamed Salah
1265695361510,Lionel Messi
1314959836883,Cristiano Ronaldo
1361593476737,Usain Bolt
1499791220677,Joe Gomez
1881599724311,Dejan lovren
1892817905777,Steven Gerrard
1894278535266,Frank Lampard
1554126509382,Paul Scholes
1626248477707,Oscar
1437414108527,Willian Borges
1039569935717,Gini Wijnaldum
1711413486490,Pepe Reina
1486769733690,Scott Carson
1168347021019,Igor Biscan
1756651137968,Dietmar Hamann
1209712987101,Milan Baros
1620586409984,Toni Kross
1602376011370,Luca Modric
1598190379057,Luis Suarez
1419746985310,Antione Griezmann
1796506807720,Olivier Giroud
1478585010777,Bouna Starr
1240544779334,Blaise Matuidi
1857978659210,Mamadou Sakho
1821684904353,Lucas Digne
1326280198068,Anthony Joshua
1899701671222,Tyson Fury
1088643593824,Deontay Wilder
1723545152895,Kell Brooke
1113392981011,Gennady Golovkin
1594287842525,Saul Canelo Alvarez
1262318230030,Terminator
1203520591363,Christian Bale
1277320474487,Quentin Tarantino
1103794582439,Christopher Nolan
1504334328445,Danny Ings
1030332014304,Diego Costa
1232419848497,Samuel Jackson
1010107362775,Jason Brody
1810195823295,Nathan Drake
1194539425429,Elena Fisher
1268784095621,Chloe Frazer
1403495637468,Victor Sullivan
1327126978985,Denis Claude Sullivan
1503226800804,Jacques Adele
1305461165890,Envio Aunditore
1280409540672,Rahul Deeljore
1500978593590,Nuvin Sithanen
1153933912449,Sebastien Bardou
1837938960830,Sergio Ramos
1059746610028,Pepe
1245941810307,Dani Carvajal
1590329165681,Dani Alves
1824503744845,Fernando Alonso
1196693392283,Loris Karius
1550866028367,Simon Mignolet
1108619886740,Phil Thompson
1088989563727,Bill Shankly
1278812535419,Bob Paisley
1070451157979,Geralt of Rivia
1353326973152,Cirilla Rhianon
1578471699534,Stevie Nicks
1247738202425,Nick Fleetwood
1762181056535,Jamie Carragher
1713803199367,Albert Riera
1203617032389,Christian Poulsen
1201658527132,Joe Cole
1520588344960,Ashley Cole
1508754628458,Billy Joe Saunders
1306689536240,Kurt Cobain
1198705075292,Giogio Armani
1829288238118,Christian Dior
1525027420915,Coco Chanel
1447619189004,Franz Kafka
1399436451018,Harlan Coben
1098191537440,Andrezj Sapkowski
1259052426976,Mary Shelly
1472077864415,Bran Stoker
1157793590725,Anthony Doerr
1778404809006,Zadie Smith
1794592484878,Patti Smith
1527165823789,Harry Potter
1394221615417,Albus Dumbledore
1150548389336,Severus Snape
1638817567737,Rocco Robertson
1020097468873,John Cena
1662093893843,William Shakespere
1263570210697,Victor Hugo
1330235716717,Barack Obama
1573185414046,Donald Trump
1249140510698,Ronald Regan
1860606791812,Richard Nixon
1526637493483,Jim Jefferies
1514457191115,Ricky Gervais
1239275085536,Jimmy Carr
1266039523649,Pep Guardiola
1078965047363,Jose Mourinho
1457398288748,Antonio Conte
1297029843776,Sweet Jane
1823617651070,Bruce Springsteen
1597895954548,Neil Young
1465601553906,Patrick Rothfuss
1826750342098,Alan Kenndey
1169366869991,Kenny Dalglish
1423935809258,Jon Flanagan
1468512221394,Martin Kelly
1501767974826,Christian Benteke
1494975017512,Wilfired Zaha
1118942840905,Jason Puncheon
1892993275353,Victor Hennesy
1154959423634,David de Gea
1507443929311,Nemanja Matic
1507261067950,Ngolo Kante
1202096142204,Wayne Bridge
1271418780474,Bruce Wayne
1119019509612,Dick Grayson
1508018012039,Tony Parker
1187206787661,Lebron James
1826409395156,James Harden
1307759385143,Russell Westbrook
1116646625819,James Smith
1842647234908,Derrick Rose
1667329124451,Jeff Green
1073570335494,Stephen Curry
1113319907457,Kevin Durant
1662848101261,Kyle Korver
1347113810947,Paul George
1677145190194,Playoff P
1398740939290,Busta Rhymes
